ts,variant,mode,streams,avg_mbps,peak_mbps,total_bytes,up_avg_mbps,up_total_bytes,exit_fp,exit_bw,conflux_sets,conflux_legs
2026-08-23 01:46:58,base_old,webtunnel,1,1.628,9.623,10485760,0.814,10485760,A2A58542E149EE2C92526C70111C1DCC95AC4D88,31000,32,60
2026-08-23 01:48:19,base_old,webtunnel,4,1.996,16.463,41943040,0.663,41943040,D5B1CBABBD2EAB9091EBE2CCEA763ABA964BB409,46000,32,58
2026-08-23 01:49:58,base_old,webtunnel,8,2.915,19.727,83886080,1.120,83886080,D5B1CBABBD2EAB9091EBE2CCEA763ABA964BB409,46000,32,58
2026-08-23 01:52:25,v1_newdef,webtunnel,1,1.068,9.712,10485760,0.388,10485760,D6D6B089E1316BB5513B7C6F4E9CF0BBEF586B7F,28000,32,63
2026-08-23 01:54:16,v1_newdef,webtunnel,4,0.857,49.047,41943040,0.314,20971520,0BC23D208EDD8DAC09A6739BED0C8FDEB224DF69,4400,32,56
2026-08-23 01:56:18,v1_newdef,webtunnel,8,1.596,48.919,83886080,0.690,52428800,FB86BC4CFC43F3637DA45B70986FEFD3F5C7CDB3,230000,32,54
2026-08-23 01:58:57,v2_sets16,webtunnel,1,0.273,16.402,10485760,0.295,10485760,D63D111E816B5EB8156A6C5C79B9C1F35D5CB06E,78000,16,27
2026-08-23 02:03:32,v2_sets16,webtunnel,4,0.191,49.853,41943040,0.152,10485760,D63D111E816B5EB8156A6C5C79B9C1F35D5CB06E,78000,16,24
2026-08-23 02:09:59,v2_sets16,webtunnel,8,0.224,313.151,67201016,0.000,0,?,?,8,8
